<?xml version="1.0" encoding="UTF-8" standalone="yes"?>
<ns2:ExportManifest xmlns:ns2="http://www.pentaho.com/schema/">
    <ExportManifestInformation exportDate="10-06-2021 08:25:41 UTC" exportBy="260.arkcase-admin" rootFolder="/public/" manifestVersion="2"/>
    <ExportManifestEntity path="DBKeepAlive.prpti">
        <ExportManifestProperty>
            <EntityMetaData name="DBKeepAlive.prpti" createdDate="2021-06-10T08:21:06.655Z" isFolder="false" path="DBKeepAlive.prpti" isHidden="false" isSchedulable="true" locale="en_US" description="DBKeepAlive.prpti" title="DBKeepAlive"/>
        </ExportManifestProperty>
        <ExportManifestProperty>
            <EntityAcl>
                <entriesInheriting>true</entriesInheriting>
                <owner>260.arkcase-admin</owner>
                <ownerType>USER</ownerType>
            </EntityAcl>
        </ExportManifestProperty>
    </ExportManifestEntity>
</ns2:ExportManifest>
